{"loss": [0.3956964313983917, 0.16159236431121826, 0.07896167039871216, 0.03354119509458542, 0.014383576810359955, 0.006178563926368952, 0.003193110693246126, 0.0020717340521514416, 0.0014771868009120226, 0.0011341930367052555, 0.0008870461024343967, 0.000720610492862761, 0.0005861478857696056, 0.00047802517656236887, 0.0003990749828517437, 0.00033226795494556427, 0.0002754084998741746, 0.00023210143262986094, 0.0001963297399925068, 0.0001662943250266835, 0.00013917974138166755, 0.00011863012332469225, 9.97276438283734e-05, 8.561609138268977e-05, 7.330357766477391e-05, 6.219185161171481e-05, 5.3543004469247535e-05, 4.600124157150276e-05, 3.91576650144998e-05, 3.3699474442983046e-05, 2.9336393708945252e-05, 2.517374923627358e-05, 2.185728408221621e-05, 1.8802282284013927e-05, 1.6494799638167024e-05, 1.4393071069207508e-05, 1.257641997653991e-05, 1.1059532880608458e-05, 9.619959200790618e-06, 8.519794391759206e-06, 7.346654001594288e-06, 6.4518649196543265e-06, 5.653500465996331e-06, 4.966101641912246e-06, 4.3507948248588946e-06, 3.872115030389978e-06, 3.375714186404366e-06, 2.9568693662440637e-06, 2.6528866783337435e-06, 2.332264557480812e-06, 2.0339277853054227e-06, 1.8025519921138766e-06, 1.6041234403019189e-06, 1.3956852171759238e-06], "accuracy": [0.8273080587387085, 0.9353305697441101, 0.9737865328788757, 0.9926544427871704, 0.9987037181854248, 0.9997119307518005, 1.0, 1.0, 1.0, 1.0, 1.0, 1.0, 1.0, 1.0, 1.0, 1.0, 1.0, 1.0, 1.0, 1.0, 1.0, 1.0, 1.0, 1.0, 1.0, 1.0, 1.0, 1.0, 1.0, 1.0, 1.0, 1.0, 1.0, 1.0, 1.0, 1.0, 1.0, 1.0, 1.0, 1.0, 1.0, 1.0, 1.0, 1.0, 1.0, 1.0, 1.0, 1.0, 1.0, 1.0, 1.0, 1.0, 1.0, 1.0], "val_loss": [0.2581075429916382, 0.25764209032058716, 0.20546795427799225, 0.19444963335990906, 0.22349916398525238, 0.21396005153656006, 0.2245550900697708, 0.2226831167936325, 0.2261628657579422, 0.23114114999771118, 0.23111100494861603, 0.23389320075511932, 0.23772647976875305, 0.23938658833503723, 0.2408706694841385, 0.24411530792713165, 0.24702107906341553, 0.24914254248142242, 0.2531139552593231, 0.25718259811401367, 0.2578512728214264, 0.26263192296028137, 0.26524534821510315, 0.2681189179420471, 0.27016159892082214, 0.27555814385414124, 0.27712559700012207, 0.2805801033973694, 0.28230413794517517, 0.28746649622917175, 0.29062148928642273, 0.29465827345848083, 0.2953568994998932, 0.29782867431640625, 0.30258849263191223, 0.3058958351612091, 0.3088039457798004, 0.313058465719223, 0.31578296422958374, 0.3156983256340027, 0.3197900056838989, 0.3219429850578308, 0.32675647735595703, 0.33289897441864014, 0.3316817879676819, 0.33777087926864624, 0.33840814232826233, 0.34432968497276306, 0.3463488221168518, 0.34825053811073303, 0.3517414331436157, 0.35626599192619324, 0.35734692215919495, 0.36041173338890076], "val_accuracy": [0.8831318616867065, 0.88658607006073, 0.916522741317749, 0.9257340431213379, 0.9228554964065552, 0.9251583218574524, 0.9240068793296814, 0.9245826005935669, 0.921704113483429, 0.9303396940231323, 0.9257340431213379, 0.9291882514953613, 0.9251583218574524, 0.9280368685722351, 0.9280368685722351, 0.9303396940231323, 0.9291882514953613, 0.9297639727592468, 0.9286125302314758, 0.9297639727592468, 0.9268854260444641, 0.9291882514953613, 0.9286125302314758, 0.9280368685722351, 0.9291882514953613, 0.9297639727592468, 0.9286125302314758, 0.9291882514953613, 0.9291882514953613, 0.9280368685722351, 0.9280368685722351, 0.9280368685722351, 0.9280368685722351, 0.9280368685722351, 0.9291882514953613, 0.9286125302314758, 0.9268854260444641, 0.9280368685722351, 0.9286125302314758, 0.9280368685722351, 0.9280368685722351, 0.9274611473083496, 0.9274611473083496, 0.9268854260444641, 0.9268854260444641, 0.9263097047805786, 0.9263097047805786, 0.9268854260444641, 0.9263097047805786, 0.9268854260444641, 0.9268854260444641, 0.9263097047805786, 0.9268854260444641, 0.9263097047805786]}